Manufacturer,Model,Description,Price,Rating,no. of reviews,url
realme,Narzo 30 Unlocked 4GB 128GB Dimensity 700 Processor 65 90Hz FHD18W Quick Charge 48MP Triple Cameras EU Charger with US Adapter 5G Only Supports Verizon Wireless and atTs n5 Band ,realme Narzo 30 Unlocked 4GB 128GB Dimensity 700 Processor 65 90Hz FHD18W Quick Charge 48MP Triple Cameras EU Charger with US Adapter 5G Only Supports Verizon Wireless and atTs n5 Band ,$214.99,4.4 out of 5 stars,11,https://www.amazon.com/realme-Unlocked-Dimensity-Processor-Supports/dp/B099ZHPCS1/ref=sr_1_3?dchild=1&keywords=realme+phones&qid=1635947613&qsid=139-2685285-7004012&sr=8-3&sres=B09888GTQL%2CB0947RQ9D4%2CB099ZHPCS1%2CB085PKRLDB%2CB099ZKNZMZ%2CB086PKMTQR%2CB08JZDF9LK%2CB09B2M28YP%2CB08NLDT3DD%2CB09DV1MD4M%2CB08BGZ9LBL%2CB08BWDNW8F%2CB0949LJPDM%2CB07XM7WVS8%2CB093CBX4J6%2CB09728VTDK&srpt=CELLULAR_PHONE
Realme,GT 8GB 128GB Unlocked Snapdragon 888 with 64MP AI Triple Camera 4500 Battery 65W SuperDart Charge 120Hz 643 Super AMOLED Fullscreen Global Version EU Charger with Adapter US Blue ,Realme GT 8GB 128GB Unlocked Snapdragon 888 with 64MP AI Triple Camera 4500 Battery 65W SuperDart Charge 120Hz 643 Super AMOLED Fullscreen Global Version EU Charger with Adapter US Blue ,$514.18,3.4 out of 5 stars,7,https://www.amazon.com/Unlocked-Snapdragon-Battery-SuperDart-Fullscreen/dp/B099ZKNZMZ/ref=sr_1_5?dchild=1&keywords=realme+phones&qid=1635947613&qsid=139-2685285-7004012&sr=8-5&sres=B09888GTQL%2CB0947RQ9D4%2CB099ZHPCS1%2CB085PKRLDB%2CB099ZKNZMZ%2CB086PKMTQR%2CB08JZDF9LK%2CB09B2M28YP%2CB08NLDT3DD%2CB09DV1MD4M%2CB08BGZ9LBL%2CB08BWDNW8F%2CB0949LJPDM%2CB07XM7WVS8%2CB093CBX4J6%2CB09728VTDK&srpt=CELLULAR_PHONE
ATT,SB3014 DECT 60 Conference Phone with Four Wireless Mics Black ,ATT SB3014 DECT 60 Conference Phone with Four Wireless Mics Black ,$286.99,4.3 out of 5 stars,82,https://www.amazon.com/gp/slredirect/picassoRedirect.html/ref=pa_sp_mtf_aps_sr_pg1_1?ie=UTF8&adId=A02997091UO4EIHH371NB&url=%2FAT-SB3014-Conference-Phone-Wireless%2Fdp%2FB00W5KC31W%2Fref%3Dsr_1_9_sspa%3Fdchild%3D1%26keywords%3Drealme%2Bphones%26qid%3D1635947613%26sr%3D8-9-spons%26psc%3D1&qualifier=1635947613&id=538949058901356&widgetName=sp_mtf
realme,GT Master Edition 6128GB Unlocked Snapdragon 778 with 64MP Main Camera 4300 Battery 65W SuperDart Charge 120Hz 643 Super AMOLEDGlobal Version EU Charger with US Adapter ,realme GT Master Edition 6128GB Unlocked Snapdragon 778 with 64MP Main Camera 4300 Battery 65W SuperDart Charge 120Hz 643 Super AMOLEDGlobal Version EU Charger with US Adapter ,$360.00,5.0 out of 5 stars,2,https://www.amazon.com/realme-Unlocked-Snapdragon-Battery-SuperDart/dp/B09DV1MD4M/ref=sr_1_11?dchild=1&keywords=realme+phones&qid=1635947613&qsid=139-2685285-7004012&sr=8-11&sres=B09888GTQL%2CB0947RQ9D4%2CB099ZHPCS1%2CB085PKRLDB%2CB099ZKNZMZ%2CB086PKMTQR%2CB08JZDF9LK%2CB09B2M28YP%2CB08NLDT3DD%2CB09DV1MD4M%2CB08BGZ9LBL%2CB08BWDNW8F%2CB0949LJPDM%2CB07XM7WVS8%2CB093CBX4J6%2CB09728VTDK&srpt=CELLULAR_PHONE
OnePlus,9 Pro Morning Mist 5G Unlocked Android Smartphone US Version12GB RAM256GB Storage120Hz Fluid DisplayHasselblad Quad Camera65W Ultra Fast Charge50W Wireless Chargewith Alexa Builtin ,OnePlus 9 Pro Morning Mist 5G Unlocked Android Smartphone US Version12GB RAM256GB Storage120Hz Fluid DisplayHasselblad Quad Camera65W Ultra Fast Charge50W Wireless Chargewith Alexa Builtin ,$799.99,4.1 out of 5 stars,123,https://www.amazon.com/OnePlus-Unlocked-Smartphone-Hasselblad-Wireless/dp/B07XM7WVS8/ref=sr_1_15?dchild=1&keywords=realme+phones&qid=1635947613&qsid=139-2685285-7004012&sr=8-15&sres=B09888GTQL%2CB0947RQ9D4%2CB099ZHPCS1%2CB085PKRLDB%2CB099ZKNZMZ%2CB086PKMTQR%2CB08JZDF9LK%2CB09B2M28YP%2CB08NLDT3DD%2CB09DV1MD4M%2CB08BGZ9LBL%2CB08BWDNW8F%2CB0949LJPDM%2CB07XM7WVS8%2CB093CBX4J6%2CB09728VTDK&srpt=CELLULAR_PHONE
OnePlus,8T  5G Unlocked Android Smartphone  A Days Power in 15 Minutes  Ultra Smooth 120Hz Display  48MP Quad Camera  256GB Aquamarine Green  US Version ,OnePlus 8T  5G Unlocked Android Smartphone  A Days Power in 15 Minutes  Ultra Smooth 120Hz Display  48MP Quad Camera  256GB Aquamarine Green  US Version ,$499.99,4.5 out of 5 stars,880,https://www.amazon.com/OnePlus-Aquamarine-Unlocked-Android-Smartphone/dp/B08KXB3R7S/ref=sr_1_17?dchild=1&keywords=realme+phones&qid=1635947620&sr=8-17
SAMSUNG,Galaxy S20 FE 5G Factory Unlocked Android Cell Phone 128GB US Version Smartphone ProGrade Camera 30X Space Zoom Night Mode Cloud Lavender ,SAMSUNG Galaxy S20 FE 5G Factory Unlocked Android Cell Phone 128GB US Version Smartphone ProGrade Camera 30X Space Zoom Night Mode Cloud Lavender ,$699.99,4.6 out of 5 stars,"7,254",https://www.amazon.com/Samsung-Unlocked-Smartphone-Pro-Grade-Lavender/dp/B08FYTRF6J/ref=sr_1_20?dchild=1&keywords=realme+phones&qid=1635947620&sr=8-20
OnePlus,Nord N10 5G Unlocked Smartphone Midnight Ice 90Hz Refresh Rate 6GB RAM  128GB storage US Version Model BE2026 ,OnePlus Nord N10 5G Unlocked Smartphone Midnight Ice 90Hz Refresh Rate 6GB RAM  128GB storage US Version Model BE2026 ,$299.99,4.2 out of 5 stars,972,https://www.amazon.com/OnePlus-Unlocked-Smartphone-Midnight-BE2026/dp/B08R7D4KZJ/ref=sr_1_22?dchild=1&keywords=realme+phones&qid=1635947620&sr=8-22
Google,Pixel 5  5G Android Phone  Water Resistant  Unlocked Smartphone with Night Sight and Ultrawide Lens  Just Black ,Google Pixel 5  5G Android Phone  Water Resistant  Unlocked Smartphone with Night Sight and Ultrawide Lens  Just Black ,$999.00,4.6 out of 5 stars,"2,704",https://www.amazon.com/Google-Pixel-Resistant-Smartphone-Ultrawide/dp/B08H8X23ZB/ref=sr_1_31?dchild=1&keywords=realme+phones&qid=1635947620&sr=8-31
Moto,G stylus  2020  Unlocked  Made for US by Motorola  4128GB  48MP Camera  Indigo ,Moto G stylus  2020  Unlocked  Made for US by Motorola  4128GB  48MP Camera  Indigo ,$199.99,4.5 out of 5 stars,"22,839",https://www.amazon.com/Stylus-Unlocked-Motorola-Camera-Indigo/dp/B084CVPLLC/ref=sr_1_39?dchild=1&keywords=realme+phones&qid=1635947624&sr=8-39
Honor,View10 GSM Unlocked Smartphone AI Processor 599 FullView Display 20MP  16MP DualLens AI Camera Dual SIM 4G Fast Charging 6128 GB Black US Warranty ,Honor View10 GSM Unlocked Smartphone AI Processor 599 FullView Display 20MP  16MP DualLens AI Camera Dual SIM 4G Fast Charging 6128 GB Black US Warranty ,$488.38,4.3 out of 5 stars,383,https://www.amazon.com/Honor-Unlocked-Smartphone-Processor-Dual-Lens/dp/B07BBQYCNW/ref=sr_1_56?dchild=1&keywords=realme+phones&qid=1635947627&sr=8-56
Manufacturer,Model,Description,Price,Rating,no. of reviews,url
Acer,Aspire 5 A51546R14K Slim Laptop  156 Full HD IPS  AMD Ryzen 3 3350U QuadCore Mobile Processor  4GB DDR4  128GB NVMe SSD  WiFi 6  Backlit KB  Amazon Alexa  Windows 10 Home S mode ,Acer Aspire 5 A51546R14K Slim Laptop  156 Full HD IPS  AMD Ryzen 3 3350U QuadCore Mobile Processor  4GB DDR4  128GB NVMe SSD  WiFi 6  Backlit KB  Amazon Alexa  Windows 10 Home S mode ,$347.74,4.6 out of 5 stars,"35,866",https://www.amazon.com/gp/slredirect/picassoRedirect.html/ref=pa_sp_atf_aps_sr_pg1_1?ie=UTF8&adId=A0734375183BFQM2NRRDU&url=%2FAcer-A515-46-R14K-Quad-Core-Processor-Backlit%2Fdp%2FB08VKNVDDR%2Fref%3Dsr_1_1_sspa%3Fdchild%3D1%26keywords%3Dlaptops%26qid%3D1635951895%26sr%3D8-1-spons%26psc%3D1&qualifier=1635951895&id=7745219053137011&widgetName=sp_atf
Lenovo,IdeaPad 3 11 Chromebook 116 Laptop 116 HD 1366 x 768 Display Intel Celeron N4020 Processor 4GB LPDDR4 RAM 64GB eMMC Storage Intel UHD Graphics 600 Chrome OS 82BA0003US Onyx Black ,Lenovo IdeaPad 3 11 Chromebook 116 Laptop 116 HD 1366 x 768 Display Intel Celeron N4020 Processor 4GB LPDDR4 RAM 64GB eMMC Storage Intel UHD Graphics 600 Chrome OS 82BA0003US Onyx Black ,$169.99,4.3 out of 5 stars,358,https://www.amazon.com/gp/slredirect/picassoRedirect.html/ref=pa_sp_atf_aps_sr_pg1_1?ie=UTF8&adId=A08138952SYWRY6SM4OA4&url=%2FLenovo-Chromebook-Processor-Graphics-82BA0003US%2Fdp%2FB087YW8FQB%2Fref%3Dsr_1_2_sspa%3Fdchild%3D1%26keywords%3Dlaptops%26qid%3D1635951895%26sr%3D8-2-spons%26psc%3D1&qualifier=1635951895&id=7745219053137011&widgetName=sp_atf
Acer,Aspire 5 A51546R14K Slim Laptop  156 Full HD IPS  AMD Ryzen 3 3350U QuadCore Mobile Processor  4GB DDR4  128GB NVMe SSD  WiFi 6  Backlit KB  Amazon Alexa  Windows 10 Home S mode ,Acer Aspire 5 A51546R14K Slim Laptop  156 Full HD IPS  AMD Ryzen 3 3350U QuadCore Mobile Processor  4GB DDR4  128GB NVMe SSD  WiFi 6  Backlit KB  Amazon Alexa  Windows 10 Home S mode ,$347.74,4.6 out of 5 stars,"35,866",https://www.amazon.com/Acer-A515-46-R14K-Quad-Core-Processor-Backlit/dp/B08VKNVDDR/ref=sr_1_4?dchild=1&keywords=laptops&qid=1635951895&qsid=131-5339868-5439711&sr=8-4&sres=B09GP88NBY%2CB08VKNVDDR%2CB09CF4VV9J%2CB091V3XHD3%2CB094L3BYRP%2CB089S9N86P%2CB096CZCN7Z%2CB093Z22QJ4%2CB09HJRRJX5%2CB08B9T6Y8V%2CB08WX9M8GP%2CB091VBL2C9%2CB094K27CSY%2CB08RSQ8V8J%2CB091KHLNWY%2CB099LHZF8T&srpt=NOTEBOOK_COMPUTER
HP,Pavilion Business  Student Laptop 156 FHD Display AMD Ryzen 3 3250U Processor Beats i77600U 16GB RAM 512GB SSD AMD Radeon Graphics Webcam WiFi Bluetooth HDMI Windows 10 ,HP Pavilion Business  Student Laptop 156 FHD Display AMD Ryzen 3 3250U Processor Beats i77600U 16GB RAM 512GB SSD AMD Radeon Graphics Webcam WiFi Bluetooth HDMI Windows 10 ,$579.00,5.0 out of 5 stars,4,https://www.amazon.com/HP-Pavilion-Business-Processor-Bluetooth/dp/B09CF4VV9J/ref=sr_1_5?dchild=1&keywords=laptops&qid=1635951895&qsid=131-5339868-5439711&sr=8-5&sres=B09GP88NBY%2CB08VKNVDDR%2CB09CF4VV9J%2CB091V3XHD3%2CB094L3BYRP%2CB089S9N86P%2CB096CZCN7Z%2CB093Z22QJ4%2CB09HJRRJX5%2CB08B9T6Y8V%2CB08WX9M8GP%2CB091VBL2C9%2CB094K27CSY%2CB08RSQ8V8J%2CB091KHLNWY%2CB099LHZF8T&srpt=NOTEBOOK_COMPUTER
2021,Newest Dell Inspiron 3000 Laptop Computer 156 Inch HD Display Intel Pentium Processor N5030 Up to 310Ghz 16GB RAM 1TB HDD Webcam WiFi HDMI Windows 10 Home Black Latest Model ,2021 Newest Dell Inspiron 3000 Laptop Computer 156 Inch HD Display Intel Pentium Processor N5030 Up to 310Ghz 16GB RAM 1TB HDD Webcam WiFi HDMI Windows 10 Home Black Latest Model ,$509.99,4.4 out of 5 stars,95,https://www.amazon.com/Dell-Inspiron-Computer-Display-Processor/dp/B091V3XHD3/ref=sr_1_6?dchild=1&keywords=laptops&qid=1635951895&qsid=131-5339868-5439711&sr=8-6&sres=B09GP88NBY%2CB08VKNVDDR%2CB09CF4VV9J%2CB091V3XHD3%2CB094L3BYRP%2CB089S9N86P%2CB096CZCN7Z%2CB093Z22QJ4%2CB09HJRRJX5%2CB08B9T6Y8V%2CB08WX9M8GP%2CB091VBL2C9%2CB094K27CSY%2CB08RSQ8V8J%2CB091KHLNWY%2CB099LHZF8T&srpt=NOTEBOOK_COMPUTER
2021,HP 156 Thin Laptop Intel N4020 8GB RAM 128GB SSD Webcam 1Year Office365 WiFi Dual Core up to 28 GHz Windows 10 S FHD Display Google Classroom Zoom School Business Ready ROKC Bundle ,2021 HP 156 Thin Laptop Intel N4020 8GB RAM 128GB SSD Webcam 1Year Office365 WiFi Dual Core up to 28 GHz Windows 10 S FHD Display Google Classroom Zoom School Business Ready ROKC Bundle ,$419.00,4.3 out of 5 stars,67,https://www.amazon.com/gp/slredirect/picassoRedirect.html/ref=pa_sp_mtf_aps_sr_pg1_1?ie=UTF8&adId=A0642028278Y7A9RORE2Q&url=%2FHP-Office365-Windows-Classroom-Business%2Fdp%2FB099Y2R1VL%2Fref%3Dsr_1_7_sspa%3Fdchild%3D1%26keywords%3Dlaptops%26qid%3D1635951895%26sr%3D8-7-spons%26psc%3D1&qualifier=1635951895&id=7745219053137011&widgetName=sp_mtf
Dell,Inspiron 156inch Full HD Touch Screen AMD Ryzen 5 3450U QuadCore 8GB RAM 256GB SSD Windows 10 Laptop ,Dell Inspiron 156inch Full HD Touch Screen AMD Ryzen 5 3450U QuadCore 8GB RAM 256GB SSD Windows 10 Laptop ,$518.00,4.8 out of 5 stars,6,https://www.amazon.com/Dell-Inspiron-15-6-inch-Quad-Core-Windows/dp/B094L3BYRP/ref=sr_1_8?dchild=1&keywords=laptops&qid=1635951895&qsid=131-5339868-5439711&sr=8-8&sres=B09GP88NBY%2CB08VKNVDDR%2CB09CF4VV9J%2CB091V3XHD3%2CB094L3BYRP%2CB089S9N86P%2CB096CZCN7Z%2CB093Z22QJ4%2CB09HJRRJX5%2CB08B9T6Y8V%2CB08WX9M8GP%2CB091VBL2C9%2CB094K27CSY%2CB08RSQ8V8J%2CB091KHLNWY%2CB099LHZF8T&srpt=NOTEBOOK_COMPUTER
HP,Stream 14 Pink  Celeron N4000  4 GB RAM  64 GB eMMC Storage  14 LCD  Wireless  Bluetooth  Webcam  Windows 10 S ,HP Stream 14 Pink  Celeron N4000  4 GB RAM  64 GB eMMC Storage  14 LCD  Wireless  Bluetooth  Webcam  Windows 10 S ,$319.99,4.6 out of 5 stars,157,https://www.amazon.com/HP-Stream-14-Pink-Bluetooth/dp/B089S9N86P/ref=sr_1_9?dchild=1&keywords=laptops&qid=1635951895&qsid=131-5339868-5439711&sr=8-9&sres=B09GP88NBY%2CB08VKNVDDR%2CB09CF4VV9J%2CB091V3XHD3%2CB094L3BYRP%2CB089S9N86P%2CB096CZCN7Z%2CB093Z22QJ4%2CB09HJRRJX5%2CB08B9T6Y8V%2CB08WX9M8GP%2CB091VBL2C9%2CB094K27CSY%2CB08RSQ8V8J%2CB091KHLNWY%2CB099LHZF8T&srpt=NOTEBOOK_COMPUTER
2021,Newest HP Premium 14inch HD Laptop Intel DualCore Processor Up to 28GHz 16GB RAM 64GB eMMC Storage Webcam Bluetooth HDMI WiFi White Windows 10 with 1 Year Microsoft 365 ,2021 Newest HP Premium 14inch HD Laptop Intel DualCore Processor Up to 28GHz 16GB RAM 64GB eMMC Storage Webcam Bluetooth HDMI WiFi White Windows 10 with 1 Year Microsoft 365 ,$399.00,4.3 out of 5 stars,613,https://www.amazon.com/HP-Premium-Dual-Core-Processor-Bluetooth/dp/B096CZCN7Z/ref=sr_1_10?dchild=1&keywords=laptops&qid=1635951895&qsid=131-5339868-5439711&sr=8-10&sres=B09GP88NBY%2CB08VKNVDDR%2CB09CF4VV9J%2CB091V3XHD3%2CB094L3BYRP%2CB089S9N86P%2CB096CZCN7Z%2CB093Z22QJ4%2CB09HJRRJX5%2CB08B9T6Y8V%2CB08WX9M8GP%2CB091VBL2C9%2CB094K27CSY%2CB08RSQ8V8J%2CB091KHLNWY%2CB099LHZF8T&srpt=NOTEBOOK_COMPUTER
Lenovo,IdeaPad 3 14 Laptop Intel Core i31005G1 Processor 4GB DDR4 RAM 128GB M2 SSD Storage 140 FHD 1920 x 1080 Display Integrated Graphics Windows 10 S 81WD010QUS Platinum Grey ,Lenovo IdeaPad 3 14 Laptop Intel Core i31005G1 Processor 4GB DDR4 RAM 128GB M2 SSD Storage 140 FHD 1920 x 1080 Display Integrated Graphics Windows 10 S 81WD010QUS Platinum Grey ,$381.47,4.2 out of 5 stars,35,https://www.amazon.com/gp/slredirect/picassoRedirect.html/ref=pa_sp_mtf_aps_sr_pg1_1?ie=UTF8&adId=A083517121P6ORXXFKNFH&url=%2FLenovo-i3-1005G1-Processor-Integrated-81WD010QUS%2Fdp%2FB0913FWL3J%2Fref%3Dsr_1_12_sspa%3Fdchild%3D1%26keywords%3Dlaptops%26qid%3D1635951895%26sr%3D8-12-spons%26psc%3D1&qualifier=1635951895&id=7745219053137011&widgetName=sp_mtf
2021,Newest Dell Inspiron 15 3000 Series 3501 Laptop 156 Full HD Display 11th Gen Intel Core i51135G7 QuadCore Processor 16GB RAM 1 TB SSD HDMI WiFi Webcam Windows 10 Home Black ,2021 Newest Dell Inspiron 15 3000 Series 3501 Laptop 156 Full HD Display 11th Gen Intel Core i51135G7 QuadCore Processor 16GB RAM 1 TB SSD HDMI WiFi Webcam Windows 10 Home Black ,$779.99,4.2 out of 5 stars,13,https://www.amazon.com/Dell-3000-i5-1135G7-Quad-Core-Processor/dp/B09HJRRJX5/ref=sr_1_13?dchild=1&keywords=laptops&qid=1635951895&qsid=131-5339868-5439711&sr=8-13&sres=B09GP88NBY%2CB08VKNVDDR%2CB09CF4VV9J%2CB091V3XHD3%2CB094L3BYRP%2CB089S9N86P%2CB096CZCN7Z%2CB093Z22QJ4%2CB09HJRRJX5%2CB08B9T6Y8V%2CB08WX9M8GP%2CB091VBL2C9%2CB094K27CSY%2CB08RSQ8V8J%2CB091KHLNWY%2CB099LHZF8T&srpt=NOTEBOOK_COMPUTER
Dell,Latitude 5510 156 Notebook  Full HD  1920 x 1080  Core i5 i510210U 10th Gen 16GHz Quadcore 4 Core  8GB RAM  256GB SSD ,Dell Latitude 5510 156 Notebook  Full HD  1920 x 1080  Core i5 i510210U 10th Gen 16GHz Quadcore 4 Core  8GB RAM  256GB SSD ,"$1,099.42",5.0 out of 5 stars,1,https://www.amazon.com/Dell-Latitude-5510-15-6-Notebook/dp/B08B9T6Y8V/ref=sr_1_14?dchild=1&keywords=laptops&qid=1635951895&qsid=131-5339868-5439711&sr=8-14&sres=B09GP88NBY%2CB08VKNVDDR%2CB09CF4VV9J%2CB091V3XHD3%2CB094L3BYRP%2CB089S9N86P%2CB096CZCN7Z%2CB093Z22QJ4%2CB09HJRRJX5%2CB08B9T6Y8V%2CB08WX9M8GP%2CB091VBL2C9%2CB094K27CSY%2CB08RSQ8V8J%2CB091KHLNWY%2CB099LHZF8T&srpt=NOTEBOOK_COMPUTER
2021,Newest Acer Aspire 5 Slim Laptop 156 FHD IPS Display AMD QuadCore Ryzen 3 3350U Processor 8GB DDR4 RAM 256 GB PCIe NVMe SSD Intel WiFi 6 Backlit KB Fingerprint Reader Win10 Home ,2021 Newest Acer Aspire 5 Slim Laptop 156 FHD IPS Display AMD QuadCore Ryzen 3 3350U Processor 8GB DDR4 RAM 256 GB PCIe NVMe SSD Intel WiFi 6 Backlit KB Fingerprint Reader Win10 Home ,$519.99,4.4 out of 5 stars,42,https://www.amazon.com/Acer-Aspire-Computer-Graphics-Keyboard/dp/B08WX9M8GP/ref=sr_1_15?dchild=1&keywords=laptops&qid=1635951895&qsid=131-5339868-5439711&sr=8-15&sres=B09GP88NBY%2CB08VKNVDDR%2CB09CF4VV9J%2CB091V3XHD3%2CB094L3BYRP%2CB089S9N86P%2CB096CZCN7Z%2CB093Z22QJ4%2CB09HJRRJX5%2CB08B9T6Y8V%2CB08WX9M8GP%2CB091VBL2C9%2CB094K27CSY%2CB08RSQ8V8J%2CB091KHLNWY%2CB099LHZF8T&srpt=NOTEBOOK_COMPUTER
HP,Envy 17t High Performance Laptop 173 Full HD Touchscreen Intel Core i71165G7 Processor Intel Iris Xe Graphics 32GB RAM 1TB SSD Backlit Keyboard WiFi 6 Windows 11 Home ,HP Envy 17t High Performance Laptop 173 Full HD Touchscreen Intel Core i71165G7 Processor Intel Iris Xe Graphics 32GB RAM 1TB SSD Backlit Keyboard WiFi 6 Windows 11 Home ,"$1,379.99",4.6 out of 5 stars,46,https://www.amazon.com/HP-Performance-Touchscreen-i7-1165G7-Processor/dp/B091VBL2C9/ref=sr_1_16?dchild=1&keywords=laptops&qid=1635951895&qsid=131-5339868-5439711&sr=8-16&sres=B09GP88NBY%2CB08VKNVDDR%2CB09CF4VV9J%2CB091V3XHD3%2CB094L3BYRP%2CB089S9N86P%2CB096CZCN7Z%2CB093Z22QJ4%2CB09HJRRJX5%2CB08B9T6Y8V%2CB08WX9M8GP%2CB091VBL2C9%2CB094K27CSY%2CB08RSQ8V8J%2CB091KHLNWY%2CB099LHZF8T&srpt=NOTEBOOK_COMPUTER
Acer,Swift 3 Thin  Light Laptop  14 Full HD IPS 100 sRGB Display  AMD Ryzen 7 5700U OctaCore Processor  8GB LPDDR4X  512GB NVMe SSD  WiFi 6  Backlit KB  FPR  Amazon Alexa  SF31443R2YY ,Acer Swift 3 Thin  Light Laptop  14 Full HD IPS 100 sRGB Display  AMD Ryzen 7 5700U OctaCore Processor  8GB LPDDR4X  512GB NVMe SSD  WiFi 6  Backlit KB  FPR  Amazon Alexa  SF31443R2YY ,$715.00,4.6 out of 5 stars,65,https://www.amazon.com/gp/slredirect/picassoRedirect.html/ref=pa_sp_mtf_aps_sr_pg1_1?ie=UTF8&adId=A039059630ZS0EF51PHHN&url=%2FAcer-Display-Octa-Core-Processor-SF314-43-R2YY%2Fdp%2FB08YD1JLJF%2Fref%3Dsr_1_17_sspa%3Fdchild%3D1%26keywords%3Dlaptops%26qid%3D1635951895%26sr%3D8-17-spons%26psc%3D1&qualifier=1635951895&id=7745219053137011&widgetName=sp_mtf
ASUS,VivoBook 17 K712EA Thin and Light Laptop 173 FHD Display Intel Core i71165G7 16GB DDR4 RAM 1TB PCIe SSD Windows 10 Home Fingerprint Transparent Silver K712EADS76 ,ASUS VivoBook 17 K712EA Thin and Light Laptop 173 FHD Display Intel Core i71165G7 16GB DDR4 RAM 1TB PCIe SSD Windows 10 Home Fingerprint Transparent Silver K712EADS76 ,"$1,029.00",4.5 out of 5 stars,27,https://www.amazon.com/ASUS-i7-1165G7-Fingerprint-Transparent-K712EA-DS76/dp/B094K27CSY/ref=sr_1_18?dchild=1&keywords=laptops&qid=1635951895&qsid=131-5339868-5439711&sr=8-18&sres=B09GP88NBY%2CB08VKNVDDR%2CB09CF4VV9J%2CB091V3XHD3%2CB094L3BYRP%2CB089S9N86P%2CB096CZCN7Z%2CB093Z22QJ4%2CB09HJRRJX5%2CB08B9T6Y8V%2CB08WX9M8GP%2CB091VBL2C9%2CB094K27CSY%2CB08RSQ8V8J%2CB091KHLNWY%2CB099LHZF8T&srpt=NOTEBOOK_COMPUTER
2021,Newest Dell Inspiron 156 HD Laptop Intel 4205U Processor 12GB DDR4 RAM 1TB HDD Online Class Ready Webcam WiFi HDMI Bluetooth Win10 Home ,2021 Newest Dell Inspiron 156 HD Laptop Intel 4205U Processor 12GB DDR4 RAM 1TB HDD Online Class Ready Webcam WiFi HDMI Bluetooth Win10 Home ,$539.00,4.3 out of 5 stars,328,https://www.amazon.com/Newest-Dell-Inspiron-Processor-Bluetooth/dp/B08RSQ8V8J/ref=sr_1_19?dchild=1&keywords=laptops&qid=1635951895&qsid=131-5339868-5439711&sr=8-19&sres=B09GP88NBY%2CB08VKNVDDR%2CB09CF4VV9J%2CB091V3XHD3%2CB094L3BYRP%2CB089S9N86P%2CB096CZCN7Z%2CB093Z22QJ4%2CB09HJRRJX5%2CB08B9T6Y8V%2CB08WX9M8GP%2CB091VBL2C9%2CB094K27CSY%2CB08RSQ8V8J%2CB091KHLNWY%2CB099LHZF8T&srpt=NOTEBOOK_COMPUTER
Lenovo,IdeaPad 3 156 HD 1366x768 Touchscreen Laptop Intel Core i510210U 16GHz 8GB RAM 512GB SSD Windows 10 Home Abyss Blue ,Lenovo IdeaPad 3 156 HD 1366x768 Touchscreen Laptop Intel Core i510210U 16GHz 8GB RAM 512GB SSD Windows 10 Home Abyss Blue ,$655.00,4.5 out of 5 stars,28,https://www.amazon.com/Lenovo-IdeaPad-1366x768-Touchscreen-i5-10210U/dp/B091KHLNWY/ref=sr_1_20?dchild=1&keywords=laptops&qid=1635951895&qsid=131-5339868-5439711&sr=8-20&sres=B09GP88NBY%2CB08VKNVDDR%2CB09CF4VV9J%2CB091V3XHD3%2CB094L3BYRP%2CB089S9N86P%2CB096CZCN7Z%2CB093Z22QJ4%2CB09HJRRJX5%2CB08B9T6Y8V%2CB08WX9M8GP%2CB091VBL2C9%2CB094K27CSY%2CB08RSQ8V8J%2CB091KHLNWY%2CB099LHZF8T&srpt=NOTEBOOK_COMPUTER
2021,HP Newest Premium Laptop Computer 173 Full HD 1080P IPS Screen 11th Gen Intel Core i51135G7Beat i71065G7 16GB RAM 1TB SSD HDMI WiFi Webcam Zoom Windows 10  VAATE HDMI Cable ,2021 HP Newest Premium Laptop Computer 173 Full HD 1080P IPS Screen 11th Gen Intel Core i51135G7Beat i71065G7 16GB RAM 1TB SSD HDMI WiFi Webcam Zoom Windows 10  VAATE HDMI Cable ,$899.99,4.4 out of 5 stars,35,https://www.amazon.com/HP-Laptop-Computer-i5-1135G7-i7-1065G7/dp/B099LHZF8T/ref=sr_1_21?dchild=1&keywords=laptops&qid=1635951895&qsid=131-5339868-5439711&sr=8-21&sres=B09GP88NBY%2CB08VKNVDDR%2CB09CF4VV9J%2CB091V3XHD3%2CB094L3BYRP%2CB089S9N86P%2CB096CZCN7Z%2CB093Z22QJ4%2CB09HJRRJX5%2CB08B9T6Y8V%2CB08WX9M8GP%2CB091VBL2C9%2CB094K27CSY%2CB08RSQ8V8J%2CB091KHLNWY%2CB099LHZF8T&srpt=NOTEBOOK_COMPUTER
Lenovo,Chromebook Flex 3 11 Laptop 116Inch HD 1366 x 768 IPS Display MediaTek MT8173C Processor 4GB LPDDR3 64 GB eMMC Chrome OS 82HG0006US Blizzard White ,Lenovo Chromebook Flex 3 11 Laptop 116Inch HD 1366 x 768 IPS Display MediaTek MT8173C Processor 4GB LPDDR3 64 GB eMMC Chrome OS 82HG0006US Blizzard White ,$189.99,3.9 out of 5 stars,586,https://www.amazon.com/gp/slredirect/picassoRedirect.html/ref=pa_sp_btf_aps_sr_pg1_1?ie=UTF8&adId=A08139832WE3YGGTUT5Z0&url=%2FLenovo-Chromebook-11-6-Inch-Processor-82HG0006US%2Fdp%2FB08T6N424Z%2Fref%3Dsr_1_22_sspa%3Fdchild%3D1%26keywords%3Dlaptops%26qid%3D1635951895%26sr%3D8-22-spons%26psc%3D1&qualifier=1635951895&id=7745219053137011&widgetName=sp_btf
2021,HP 15 Laptop AMD Ryzen 5 5500UBeat i71065G7 16GB RAM 1TB SSD 156 FHD Display Webcam for Zoom HDMI WiFi Premium Lightweight Thin Design Win 10 SFree Windows 11 Update ROKC Bundle ,2021 HP 15 Laptop AMD Ryzen 5 5500UBeat i71065G7 16GB RAM 1TB SSD 156 FHD Display Webcam for Zoom HDMI WiFi Premium Lightweight Thin Design Win 10 SFree Windows 11 Update ROKC Bundle ,$799.99,5.0 out of 5 stars,2,https://www.amazon.com/gp/slredirect/picassoRedirect.html/ref=pa_sp_atf_next_aps_sr_pg2_1?ie=UTF8&adId=A0197371BROY5J00CMDQ&url=%2FHP-Laptop-i7-1065G7-Display-Lightweight%2Fdp%2FB09DMQ23BQ%2Fref%3Dsr_1_17_sspa%3Fdchild%3D1%26keywords%3Dlaptops%26qid%3D1635951899%26sr%3D8-17-spons%26psc%3D1&qualifier=1635951899&id=4866471349204980&widgetName=sp_atf_next
ASUS,Chromebook C223 116 HD Chromebook Laptop Intel DualCore Celeron N3350 Processor up to 24GHz 4GB RAM 32GB eMMC Storage Premium Design Grey C223NADH02 ,ASUS Chromebook C223 116 HD Chromebook Laptop Intel DualCore Celeron N3350 Processor up to 24GHz 4GB RAM 32GB eMMC Storage Premium Design Grey C223NADH02 ,$151.05,4.2 out of 5 stars,"1,064",https://www.amazon.com/gp/slredirect/picassoRedirect.html/ref=pa_sp_atf_next_aps_sr_pg2_1?ie=UTF8&adId=A056556338XAJGUQ4ROVR&url=%2FASUS-Chromebook-C223NA-DH02-Dual-Core-Processor%2Fdp%2FB07M9SN277%2Fref%3Dsr_1_18_sspa%3Fdchild%3D1%26keywords%3Dlaptops%26qid%3D1635951899%26sr%3D8-18-spons%26psc%3D1&qualifier=1635951899&id=4866471349204980&widgetName=sp_atf_next
2021,Newest HP 15 Laptop Notebook 156 FHD IPS Touchscreen i71165G7 32GB DDR4 RAM 1TB PCIe SSD Webcam USBC HDMI WiFi 6 Backlit Keyboard Fingerprint Reader Win 10 Home ,2021 Newest HP 15 Laptop Notebook 156 FHD IPS Touchscreen i71165G7 32GB DDR4 RAM 1TB PCIe SSD Webcam USBC HDMI WiFi 6 Backlit Keyboard Fingerprint Reader Win 10 Home ,"$1,219.00",4.3 out of 5 stars,78,https://www.amazon.com/HP-Notebook-Touchscreen-i7-1165G7-Fingerprint/dp/B092WBJKV2/ref=sr_1_19?dchild=1&keywords=laptops&qid=1635951899&sr=8-19
HP,14 Laptop AMD Ryzen 5 5500U 8 GB RAM 256 GB SSD Storage 14inch Full HD Display Windows 10 Home Thin  Portable MicroEdge  AntiGlare Screen Long Battery Life 14fq1021nr 2021 ,HP 14 Laptop AMD Ryzen 5 5500U 8 GB RAM 256 GB SSD Storage 14inch Full HD Display Windows 10 Home Thin  Portable MicroEdge  AntiGlare Screen Long Battery Life 14fq1021nr 2021 ,$499.00,4.4 out of 5 stars,306,https://www.amazon.com/HP-Portable-Micro-Edge-Anti-Glare-14-fq1021nr/dp/B091D9652Z/ref=sr_1_20?dchild=1&keywords=laptops&qid=1635951899&sr=8-20
ASUS,Laptop L410 Ultra Thin Laptop 14 FHD Display Intel Celeron N4020 Processor 4GB RAM 128GB Storage NumberPad Windows 10 Home in S Mode 1 Year Microsoft 365 Star Black L410MADB04 ,ASUS Laptop L410 Ultra Thin Laptop 14 FHD Display Intel Celeron N4020 Processor 4GB RAM 128GB Storage NumberPad Windows 10 Home in S Mode 1 Year Microsoft 365 Star Black L410MADB04 ,$277.53,4.5 out of 5 stars,182,https://www.amazon.com/ASUS-Processor-NumberPad-Microsoft-L410MA-DB04/dp/B09BKDKNT3/ref=sr_1_23?dchild=1&keywords=laptops&qid=1635951899&sr=8-23
Dell,Latitude 3510 Business Laptop 156 HD Screen 10th Gen Intel Core i510210U Processor 16GB RAM 512GB SSD Webcam WiFi 6 TypeC Windows 10 Pro Black ,Dell Latitude 3510 Business Laptop 156 HD Screen 10th Gen Intel Core i510210U Processor 16GB RAM 512GB SSD Webcam WiFi 6 TypeC Windows 10 Pro Black ,"$1,049.98",5.0 out of 5 stars,5,https://www.amazon.com/Dell-Latitude-Business-i5-10210U-Processor/dp/B0924X94HK/ref=sr_1_24?dchild=1&keywords=laptops&qid=1635951899&sr=8-24
2020,Flagship HP 14 Chromebook Laptop Computer 14 HD SVA AntiGlare Display Intel Celeron N5000 QuadCore Processor 4GB DDR4 64GB eMMC WiFi Webcam Chrome OS Renewed ,2020 Flagship HP 14 Chromebook Laptop Computer 14 HD SVA AntiGlare Display Intel Celeron N5000 QuadCore Processor 4GB DDR4 64GB eMMC WiFi Webcam Chrome OS Renewed ,$169.50,4.6 out of 5 stars,"1,274",https://www.amazon.com/Flagship-HP-Chromebook-Anti-Glare-Processor/dp/B08PDTLK1Q/ref=sr_1_25?dchild=1&keywords=laptops&qid=1635951899&sr=8-25
Lenovo,Chromebook C330 2in1 Convertible Laptop 116Inch HD 1366 x 768 IPS Display MediaTek MT8173C Processor 4GB LPDDR3 64 GB eMMC Chrome OS 81HY0000US Blizzard White ,Lenovo Chromebook C330 2in1 Convertible Laptop 116Inch HD 1366 x 768 IPS Display MediaTek MT8173C Processor 4GB LPDDR3 64 GB eMMC Chrome OS 81HY0000US Blizzard White ,$179.99,4.5 out of 5 stars,"8,730",https://www.amazon.com/gp/slredirect/picassoRedirect.html/ref=pa_sp_mtf_aps_sr_pg2_1?ie=UTF8&adId=A0572463B6J7RFPFW3QG&url=%2FLenovo-Chromebook-Convertible-11-6-Inch-81HY0000US%2Fdp%2FB07GM2J11Q%2Fref%3Dsr_1_27_sspa%3Fdchild%3D1%26keywords%3Dlaptops%26qid%3D1635951899%26sr%3D8-27-spons%26psc%3D1&qualifier=1635951899&id=4866471349204980&widgetName=sp_mtf
Acer,Swift 5 Intel Evo Thin  Light Laptop 14 Full HD Touch Intel Core i71165G7 Intel Iris Xe Graphics 16GB LPDDR4X 1TB NVMe SSD WiFi 6 FPR Backlit KB Antimicrobial SF51455TA74EC ,Acer Swift 5 Intel Evo Thin  Light Laptop 14 Full HD Touch Intel Core i71165G7 Intel Iris Xe Graphics 16GB LPDDR4X 1TB NVMe SSD WiFi 6 FPR Backlit KB Antimicrobial SF51455TA74EC ,"$1,099.99",4.3 out of 5 stars,291,https://www.amazon.com/gp/slredirect/picassoRedirect.html/ref=pa_sp_mtf_aps_sr_pg2_1?ie=UTF8&adId=A00936097CF809PUO32L&url=%2FAcer-i7-1165G7-Graphics-Antimicrobial-SF514-55TA-74EC%2Fdp%2FB08JQKMFFB%2Fref%3Dsr_1_28_sspa%3Fdchild%3D1%26keywords%3Dlaptops%26qid%3D1635951899%26sr%3D8-28-spons%26psc%3D1&qualifier=1635951899&id=4866471349204980&widgetName=sp_mtf
Dell,Inspiron 15 3000 Business and Student Laptop 2021 Latest Model 156 HD Display Intel N4020 DualCore Processor 8GB RAM 256GB SSD Webcam HDMI Bluetooth WiFi Black Windows 10 ,Dell Inspiron 15 3000 Business and Student Laptop 2021 Latest Model 156 HD Display Intel N4020 DualCore Processor 8GB RAM 256GB SSD Webcam HDMI Bluetooth WiFi Black Windows 10 ,$439.00,4.3 out of 5 stars,"1,962",https://www.amazon.com/Dell-Inspiron-Dual-Core-Processor-Bluetooth/dp/B09DM1TWHF/ref=sr_1_29?dchild=1&keywords=laptops&qid=1635951899&sr=8-29
ASUS,ROG Zephyrus Duo SE 15 Gaming Laptop 156 300Hz IPS Type FHD Display NVIDIA GeForce RTX 3060 AMD Ryzen 9 5980HX 16GB DDR4 1TB PCIe SSD PerKey RGB Keyboard Windows 10 Home GX551QMES96 ,ASUS ROG Zephyrus Duo SE 15 Gaming Laptop 156 300Hz IPS Type FHD Display NVIDIA GeForce RTX 3060 AMD Ryzen 9 5980HX 16GB DDR4 1TB PCIe SSD PerKey RGB Keyboard Windows 10 Home GX551QMES96 ,"$2,299.99",4.6 out of 5 stars,68,https://www.amazon.com/ASUS-Zephyrus-Display-Keyboard-GX551QM-ES96/dp/B093VHSS89/ref=sr_1_30?dchild=1&keywords=laptops&qid=1635951899&sr=8-30
HP,Envy 13 Laptop Intel Core i71165G7 8 GB DDR4 RAM 256 GB SSD Storage 133inch FHD Touchscreen Display Windows 10 Home with Fingerprint Reader Camera Kill Switch 13ba1010nr 2020 Model ,HP Envy 13 Laptop Intel Core i71165G7 8 GB DDR4 RAM 256 GB SSD Storage 133inch FHD Touchscreen Display Windows 10 Home with Fingerprint Reader Camera Kill Switch 13ba1010nr 2020 Model ,$929.99,4.7 out of 5 stars,142,https://www.amazon.com/HP-i7-1165G7-Touchscreen-Fingerprint-13-ba1010nr/dp/B08K1LBXJL/ref=sr_1_31?dchild=1&keywords=laptops&qid=1635951899&sr=8-31
2020,Lenovo IdeaPad 3 17 Laptop AMD Ryzen 7 3700U Webcam Fingerprint Reader Numeric Keypad Bluetooth HDMI AMD Radeon Vega 10 Graphics Windows 10 Platinum Grey 12GB128GB SSD1TB HDD ,2020 Lenovo IdeaPad 3 17 Laptop AMD Ryzen 7 3700U Webcam Fingerprint Reader Numeric Keypad Bluetooth HDMI AMD Radeon Vega 10 Graphics Windows 10 Platinum Grey 12GB128GB SSD1TB HDD ,$709.00,4.3 out of 5 stars,119,https://www.amazon.com/Lenovo-IdeaPad-Fingerprint-Bluetooth-Graphics/dp/B08KFMFWZK/ref=sr_1_32?dchild=1&keywords=laptops&qid=1635951899&sr=8-32
2021,Newest Dell Inspiron 15 3000 Business Laptop 156 Full HD Touchscreen AMD Ryzen 5 3450U 16GB DDR4 RAM 1TB SSD Webcam WiFi HDMI Windows 10 Pro Black ,2021 Newest Dell Inspiron 15 3000 Business Laptop 156 Full HD Touchscreen AMD Ryzen 5 3450U 16GB DDR4 RAM 1TB SSD Webcam WiFi HDMI Windows 10 Pro Black ,$789.00,3.8 out of 5 stars,4,https://www.amazon.com/Dell-Inspiron-Business-Touchscreen-Windows/dp/B09DCCMG48/ref=sr_1_33?dchild=1&keywords=laptops&qid=1635951899&sr=8-33
2020,Lenovo Yoga C740 14 FHD IPS Touchscreen Premium 2in1 Laptop 10th Gen Intel Quad Core i510210U 8GB RAM 512GB PCIe SSD Backlit Keyboard Fingerprint Reader Windows 10 Aluminum Chassis ,2020 Lenovo Yoga C740 14 FHD IPS Touchscreen Premium 2in1 Laptop 10th Gen Intel Quad Core i510210U 8GB RAM 512GB PCIe SSD Backlit Keyboard Fingerprint Reader Windows 10 Aluminum Chassis ,$705.00,4.3 out of 5 stars,63,https://www.amazon.com/Lenovo-Touchscreen-i5-10210U-Keyboard-Fingerprint/dp/B08BP1KKHB/ref=sr_1_35?dchild=1&keywords=laptops&qid=1635951899&sr=8-35
2020,Lenovo IdeaPad Laptop ComputerAMD A69220e 16GHz 4GB Memory 64GB eMMC Flash Memory 14 AMD Radeon R4 AC WiFi Microsoft Office 365 Platinum Gray Windows 10 Home ,2020 Lenovo IdeaPad Laptop ComputerAMD A69220e 16GHz 4GB Memory 64GB eMMC Flash Memory 14 AMD Radeon R4 AC WiFi Microsoft Office 365 Platinum Gray Windows 10 Home ,$319.00,4.0 out of 5 stars,"2,735",https://www.amazon.com/Lenovo-IdeaPad-ComputerAMD-A6-9220e-Microsoft/dp/B081GMHQLR/ref=sr_1_36?dchild=1&keywords=laptops&qid=1635951899&sr=8-36
HP,Flagship 14 Touchscreen Chromebook Intel Dualcore Processor Up to 280GHz 4GB Memory 128GB eMMC SSD Webcam Chrome OS Renewed ,HP Flagship 14 Touchscreen Chromebook Intel Dualcore Processor Up to 280GHz 4GB Memory 128GB eMMC SSD Webcam Chrome OS Renewed ,$269.99,4.7 out of 5 stars,21,https://www.amazon.com/gp/slredirect/picassoRedirect.html/ref=pa_sp_btf_aps_sr_pg2_1?ie=UTF8&adId=A0261378FPU0S6KJ1K5J&url=%2FHP-Touchscreen-Chromebook-Dual-core-Processor%2Fdp%2FB09DQX769N%2Fref%3Dsr_1_37_sspa%3Fdchild%3D1%26keywords%3Dlaptops%26qid%3D1635951899%26sr%3D8-37-spons%26psc%3D1%26smid%3DA1EJVA81XTOFAF&qualifier=1635951899&id=4866471349204980&widgetName=sp_btf
LG,Gram 17Z90P Laptop 17 IPS UltraLightweight 2560 x 1600 Intel Evo 11th gen Core i7  16GB RAM 2TB SSD Upgradeable Windows 10 Home Alexa Builtin 2X USBC HDMI USBA  Black ,LG Gram 17Z90P Laptop 17 IPS UltraLightweight 2560 x 1600 Intel Evo 11th gen Core i7  16GB RAM 2TB SSD Upgradeable Windows 10 Home Alexa Builtin 2X USBC HDMI USBA  Black ,"$1,596.99",4.4 out of 5 stars,138,https://www.amazon.com/gp/slredirect/picassoRedirect.html/ref=pa_sp_btf_aps_sr_pg2_1?ie=UTF8&adId=A03114452BPPMCKV2PUIN&url=%2FLG-Laptop-Ultra-Lightweight-Ultra-Portable-Battery%2Fdp%2FB08YDLCXR4%2Fref%3Dsr_1_38_sspa%3Fdchild%3D1%26keywords%3Dlaptops%26qid%3D1635951899%26sr%3D8-38-spons%26psc%3D1&qualifier=1635951899&id=4866471349204980&widgetName=sp_btf
